No.;Programa;T. Mat.;Curso;Periodo;semestre;Nota1;Envios;Error1 (Wrong Answer);Error2 (Runtime bad);Error3 (exeption error);Accepted;Parcial1;Parcial2;Final;Grupo;Tiempo;Gano curso?;pasoparcial
1;3746;N;750001M;2019;2;3,6;5;3;1;#N/A;2;3;3;3;1;48.97;1;1
2;3754;N;750001M;2019;2;2,38;3;2;;1;2;4,58;3,788;4,184;1;20.35;1;1
3;3746;N;750001M;2019;2;3;6;4;1;#N/A;1;3,2;2,877;3,0385;1;56.01;1;1
4;3754;N;750001M;2019;2;3,95;7;4;2;#N/A;2;4,15;4,008;4,079;1;66.62;1;1
5;3746;N;750001M;2019;2;3,69;7;4;2;#N/A;1;3,13;2,827;2,9785;1;69.71;0;1
6;3746;N;750001M;2019;2;4,94;7;3;3;#N/A;2;4,47;4,048;4,259;1;63.42;1;1
7;3746;N;750001M;2019;2;2,25;9;5;3;2;2;3,96;3,541;3,7505;1;55.14;1;1
8;3746;N;750001M;2019;2;4,5;7;2;4;#N/A;2;4,15;3,877;4,0135;1;69.95;1;1
9;3746;N;750001M;2019;2;4,63;7;1;3;#N/A;2;4,4;3,86;4,13;1;62.77;1;1
10;3754;N;750001M;2019;2;4,01;6;4;1;#N/A;2;3,98;3,114;3,547;1;58.06;1;1
11;3754;N;750001M;2019;2;4,55;7;3;3;#N/A;2;3,6;4,296;3,948;1;65.54;1;1
12;3754;N;750001M;2019;2;3,82;6;2;2;#N/A;2;4,05;3,352;3,701;1;50.28;1;1
13;3746;R;750001M;2019;2;3,97;3;2;;1;2;4,8;3,962;4,381;1;29.31;1;1
14;3746;N;750001M;2019;2;4,52;6;5;;#N/A;1;2,85;3,728;3,289;1;50.83;1;0
15;3746;N;750001M;2019;2;3,73;6;5;;#N/A;1;1,89;1,446;1,668;1;52.59;0;0
16;3746;N;750001M;2019;2;4,22;4;1;2;1;2;4,48;4,224;4,352;1;36.77;1;1
17;3754;N;750001M;2019;2;3,57;4;2;;1;1;3,13;2,817;2,9735;1;39.83;0;1
18;3746;N;750001M;2019;2;4,7;7;2;4;#N/A;2;4,06;3,787;3,9235;1;66.77;1;1
19;3746;N;750001M;2019;2;3,75;5;3;1;#N/A;1;4;2,879;3,4395;1;43.33;1;1
20;3746;N;750001M;2019;2;2,7;7;5;1;#N/A;2;4,39;3,169;3,7795;1;62.31;1;1
21;3746;N;750001M;2019;2;3,7;5;4;;#N/A;2;4,75;3,203;3,9765;1;40.95;1;1
22;3746;N;750001M;2019;2;3,64;4;3;;1;2;3,48;3,617;3,5485;1;35.66;1;1
23;3754;N;750001M;2019;2;3,63;4;3;;1;2;4,36;4,226;4,293;1;36.01;1;1
24;3746;N;750001M;2019;2;4,48;5;3;1;#N/A;1;2,82;3,128;2,974;1;46.22;0;0
25;3754;N;750001M;2019;2;5;4;2;;1;2;5;4,727;4,8635;1;30.22;1;1
26;3754;N;750001M;2019;2;3,44;5;4;;#N/A;2;4,86;4,268;4,564;1;47.94;1;1
27;3746;N;750001M;2019;2;4,99;7;6;;#N/A;2;3,71;3,463;3,5865;1;63.90;1;1
28;3754;N;750001M;2019;2;4,11;6;5;;#N/A;1;3,64;2,971;3,3055;1;58.34;1;1
29;3746;R;750001M;2019;2;2,41;7;6;;#N/A;2;3,71;3,24;3,475;1;68.74;1;1
30;3746;N;750001M;2019;2;3,64;5;4;;#N/A;2;3,26;3,439;3,3495;1;43.11;1;1
31;3754;N;750001M;2019;2;4,71;4;3;;1;2;3,68;3,083;3,3815;1;36.64;1;1
32;3746;N;750001M;2019;2;4,99;7;4;2;#N/A;2;5;4,642;4,821;1;65.69;1;1
33;3754;N;750001M;2019;2;4,37;5;4;;#N/A;1;0;4,176;2,088;1;40.86;0;0
34;3746;N;750001M;2019;2;5;5;3;1;#N/A;2;3,95;3,66;3,805;1;47.26;1;1
35;3746;N;750001M;2019;2;4,23;5;3;1;#N/A;2;3,24;3,059;3,1495;1;42.18;1;1
36;3746;N;750001M;2019;2;4,16;5;4;;#N/A;2;4,16;4,081;4,1205;1;48.28;1;1
37;3754;N;750001M;2019;2;5;7;5;1;#N/A;2;4,5;3,765;4,1325;1;63.24;1;1
38;3754;N;750001M;2019;2;2,57;7;6;;#N/A;2;3,14;3,107;3,1235;1;66.95;1;1
39;3754;N;750001M;2019;2;3,66;6;5;;#N/A;2;3,56;3,374;3,467;1;59.86;1;1
40;3746;R;750001M;2019;2;3,51;4;2;1;1;2;3,86;3,289;3,5745;1;31.29;1;1
41;3746;N;750001M;2019;2;3,7;3;2;;1;2;3,52;3,468;3,494;1;29.84;1;1
42;3746;N;750001M;2019;2;4,82;6;5;;#N/A;2;3,9;3,118;3,509;1;55.79;1;1
43;3746;N;750001M;2019;2;3;7;5;1;#N/A;2;3,39;3,525;3,4575;1;68.41;1;1
44;3746;N;750001M;2019;2;3,8;3;1;;1;2;3,53;3,171;3,3505;1;29.97;1;1
45;3746;N;750001M;2019;2;4,39;6;5;;#N/A;2;3,43;3,834;3,632;1;54.11;1;1
46;3753;N;750001M;2019;2;4,58;3;;2;1;2;3,95;3,703;3,8265;1;24.64;1;1
47;3748;N;750001M;2019;2;4,28;6;5;;#N/A;2;3,49;3,181;3,3355;1;54.61;1;1
48;3748;N;750001M;2019;2;4,34;5;4;;#N/A;2;4,22;3,818;4,019;1;45.90;1;1
49;3748;N;750001M;2019;2;4,04;7;2;3;#N/A;2;4,18;4,102;4,141;1;63.81;1;1
50;3748;N;750001M;2019;2;4,65;7;6;;#N/A;2;4,73;4,401;4,5655;1;63.25;1;1
51;3748;N;750001M;2019;2;3,71;7;6;;#N/A;2;3,95;3,482;3,716;1;64.73;1;1
52;3748;N;750001M;2019;2;3,71;7;5;1;#N/A;2;4,09;3,65;3,87;1;61.45;1;1
53;3748;N;750001M;2019;2;3,85;7;;5;#N/A;2;3,83;3,052;3,441;1;65.96;1;1
54;3748;N;750001M;2019;2;4;3;;2;1;2;3,56;3,777;3,6685;1;28.39;1;1
55;3751;N;750001M;2019;2;4,29;7;1;5;#N/A;2;3,77;3,241;3,5055;1;68.32;1;1
56;3748;N;750001M;2019;2;4,88;4;3;;1;1;0;2,009;1,0045;1;33.65;0;0
57;3751;N;750001M;2019;2;3,82;3;2;;1;2;4,64;3,597;4,1185;1;28.49;1;1
58;3748;N;750001M;2019;2;4,66;3;;1;1;2;3,98;3,546;3,763;1;22.96;1;1
59;3748;N;750001M;2019;2;4,79;3;2;;1;1;3,29;2,848;3,069;1;25.92;1;1
60;3748;N;750001M;2019;2;4,73;6;5;;#N/A;2;4,6;3,686;4,143;1;53.52;1;1
61;3748;N;750001M;2019;2;4,13;7;4;2;#N/A;2;4,08;3,771;3,9255;1;65.25;1;1
62;3748;R;750001M;2019;2;3,91;5;3;2;#N/A;2;4,07;3,552;3,811;1;40.56;1;1
63;3748;N;750001M;2019;2;4,62;5;4;;#N/A;2;4,26;3,237;3,7485;1;49.17;1;1
64;3748;R;750001M;2019;2;3,02;9;6;;2;1;3,8;2,879;3,3395;0;53.25;1;1
65;3751;N;750001M;2019;2;3,68;12;8;1;2;2;4,9;4,088;4,494;0;84.90;1;1
66;3748;N;750001M;2019;2;3,29;13;7;4;2;2;4,08;3,89;3,985;0;70.44;1;1
67;3748;N;750001M;2019;2;4,56;13;2;8;2;2;4,34;3,041;3,6905;0;33.87;1;1
68;3748;N;750001M;2019;2;4,35;10;5;4;2;2;3,79;3,361;3,5755;0;42.49;1;1
69;3748;N;750001M;2019;2;3,59;13;3;8;2;2;3,62;3,682;3,651;0;31.12;1;1
70;3751;N;750001M;2019;2;3,13;10;4;4;2;2;4,69;4,036;4,363;0;57.22;1;1
71;3751;N;750001M;2019;2;3,21;10;7;2;2;2;4,14;3,943;4,0415;0;52.09;1;1
72;3748;N;750001M;2019;2;4,2;9;8;;2;2;4,56;3,476;4,018;0;82.82;1;1
73;3748;N;750001M;2019;2;3,03;9;6;;2;1;2,7;2,457;2,5785;0;61.06;0;0
74;3748;N;750001M;2019;2;3,52;11;8;1;2;1;4,39;2,865;3,6275;0;30.30;1;1
75;3751;N;750001M;2019;2;3,01;8;7;;#N/A;2;3,44;4,376;3,908;0;24.25;1;1
76;3748;N;750001M;2019;2;3,76;8;3;4;#N/A;2;4,18;3,212;3,696;0;81.28;1;1
77;3748;N;750001M;2019;2;4,32;9;7;;2;2;3,37;4,157;3,7635;0;87.10;1;1
78;3751;N;750001M;2019;2;3,17;9;8;;2;2;3,62;4,071;3,8455;0;36.88;1;1
79;3751;N;750001M;2019;2;5;7;6;;#N/A;2;5;4,827;4,9135;0;73.74;1;1
80;3751;N;750001M;2019;2;3,78;11;3;6;2;2;4,15;3,835;3,9925;0;86.78;1;1
81;3748;N;750001M;2019;2;3,53;10;5;4;2;1;2,94;2,827;2,8835;0;84.08;0;0
82;3748;N;750001M;2019;2;2,98;13;9;3;2;2;3,1;3,114;3,107;0;60.24;1;1
83;3748;R;750001M;2019;2;2,94;9;6;1;2;1;2;4,366;3,183;0;43.74;1;0
84;3748;N;750001M;2019;2;2,97;11;;9;2;1;3,34;2,909;3,1245;0;25.00;1;1
85;3751;N;750001M;2019;2;3,57;8;5;;#N/A;2;3,45;4,109;3,7795;0;80.48;1;1
86;3748;N;750001M;2019;2;3,81;10;3;5;2;2;3,8;3,113;3,4565;0;53.60;1;1
87;3748;N;750001M;2019;2;3,61;11;9;1;2;2;3,84;3,694;3,767;0;53.36;1;1
88;3748;N;750001M;2019;2;3,51;13;5;7;2;1;3,13;2,955;3,0425;0;46.22;1;1
89;3748;N;750001M;2019;2;3,2;10;;8;2;2;3,92;3,168;3,544;0;75.77;1;1
90;3748;N;750001M;2019;2;4,48;6;5;;#N/A;1;3,46;2,995;3,2275;0;15.54;1;1
91;3751;N;750001M;2019;2;4.022;8;4;2;#N/A;2;3,12;4,01;3,5655;2;53.38;1;
92;3748;N;750001M;2019;2;3.403;8;4;2;#N/A;1;4,39;2,95;3,6715;2;32.01;1;
93;3748;N;750001M;2019;2;3.358;10;5;3;2;1;2,79;3,3;3,0431;2;65.52;1;
94;3748;N;750001M;2019;2;4.975;1;1;0;1;2;3,95;4,32;4,1361;2;24.91;1;
95;3748;N;750001M;2019;2;3.669;7;4;2;#N/A;2;4,02;3,63;3,8236;2;45.94;1;
96;3748;R;750001M;2019;2;4.646;2;1;1;1;2;4,49;4,47;4,4816;2;40.17;1;
97;3748;N;750001M;2019;2;3.193;6;3;2;#N/A;2;3,88;4,07;3,9743;2;52.91;1;
98;3748;N;750001M;2019;2;4.629;8;4;2;#N/A;2;4,36;3,79;4,0757;2;56.48;1;
99;3751;N;750001M;2019;2;3.623;4;2;1;1;2;4,95;4,78;4,8646;2;40.27;1;
100;3748;N;750001M;2019;2;4.011;2;1;1;1;2;4,36;3,5;3,9314;2;54.79;1;
101;3748;N;750001M;2019;2;3.968;8;4;2;#N/A;2;4,33;4,44;4,3866;2;24.71;1;
102;3748;N;750001M;2019;2;4.224;8;4;2;#N/A;2;4,69;3,93;4,3083;2;62.52;1;
103;3748;N;750001M;2019;2;3.132;6;3;2;#N/A;1;2,62;3,79;3,205;2;41.81;1;
104;3751;N;750001M;2019;2;2.957;8;4;2;#N/A;2;3,38;3,51;3,4431;2;37.24;1;
105;3751;R;750001M;2019;2;4.195;6;3;2;#N/A;2;3,73;3,88;3,805;2;61.03;1;
106;3748;N;750001M;2019;2;4.703;7;4;2;#N/A;2;3,91;3,81;3,8603;2;55.33;1;
107;3748;N;750001M;2019;2;3.087;12;6;3;2;2;4,55;4,45;4,5003;2;52.75;1;
108;3748;N;750001M;2019;2;4.029;8;4;2;#N/A;2;3,15;3,87;3,5102;2;60.52;1;
109;3751;N;750001M;2019;2;2.975;3;2;1;1;2;4,39;3,41;3,9012;2;48.96;1;
110;3748;N;750001M;2019;2;3.123;6;3;2;#N/A;2;4,48;4,77;4,6265;2;22.53;1;
111;3748;N;750001M;2019;2;3.135;6;3;2;#N/A;1;2,62;3,14;2,8811;2;61.38;0;
112;3751;N;750001M;2019;2;4.498;5;3;1;#N/A;2;3,91;4,87;4,3907;2;24.11;1;
113;3751;N;750001M;2019;2;4.306;5;3;1;#N/A;2;4,43;4,55;4,4925;2;55.67;1;
114;3751;N;750001M;2019;2;3.793;4;2;1;1;1;2,62;3,35;2,984;2;56.49;0;
115;3748;N;750001M;2019;2;3.097;3;2;1;1;2;3,73;3,81;3,7722;2;47.92;1;
116;3748;N;750001M;2019;2;3.227;10;5;3;2;2;3,28;4,45;3,8665;2;27.8;1;
117;3748;N;750001M;2019;2;4.174;12;6;3;2;2;3,31;4,39;3,8488;2;31.7;1;
118;3751;N;750001M;2019;2;3.012;2;1;1;1;2;3,06;3,73;3,3967;2;56.13;1;
119;3748;N;750001M;2019;2;4.48;10;5;3;2;2;4,18;3,53;3,8542;2;31.86;1;
120;3748;N;750001M;2019;2;2.897;12;6;3;2;2;4,04;4,6;4,322;2;45.34;1;
121;3748;N;750001M;2019;2;3.846;8;4;2;#N/A;2;4,8;4,41;4,6061;2;23.9;1;
122;3748;N;750001M;2019;2;3.169;12;6;3;2;2;4,62;3,31;3,9627;2;67.66;1;
123;3748;N;750001M;2019;2;4.809;11;6;3;2;2;4,63;3,84;4,2343;2;60.23;1;
124;3748;N;750001M;2019;2;4.423;6;3;2;#N/A;2;4,92;3,74;4,3305;2;67.5;1;
125;3748;N;750001M;2019;2;3.785;6;3;2;#N/A;1;2,78;3,49;3,1371;2;43.69;1;
126;3751;N;750001M;2019;2;4.515;4;2;1;1;2;3,74;4,51;4,1259;2;62.8;1;
127;3748;N;750001M;2019;2;2.733;1;1;0;1;2;3,32;4,44;3,8822;2;57.55;1;
128;3748;N;750001M;2019;2;2.847;10;5;3;2;2;3,91;3,11;3,5114;2;64.42;1;
129;3748;N;750001M;2019;2;3.896;8;4;2;#N/A;2;4,21;3,97;4,0909;2;29.67;1;
130;3748;R;750001M;2019;2;3.989;1;1;0;1;2;4,84;4,12;4,4781;2;26.81;1;
131;3751;N;750001M;2019;2;3.558;11;6;3;2;2;3,99;4,31;4,1504;2;55.11;1;
132;3751;N;750001M;2019;2;3.511;6;3;2;#N/A;1;4,04;2,97;3,5035;2;28.7;1;
133;3748;N;750001M;2019;2;4.313;6;3;2;#N/A;2;3,57;3,28;3,4264;2;65.74;1;
134;3748;N;750001M;2019;2;4.186;11;6;3;2;2;4,45;3,79;4,1189;2;56.44;1;
135;3748;N;750001M;2019;2;3.658;8;4;2;#N/A;1;2,82;4,81;3,8157;2;59.93;1;
136;3751;N;750001M;2019;2;3.051;5;3;1;#N/A;1;3,06;2,96;3,0098;2;65.37;1;
137;3748;N;750001M;2019;2;4.562;1;1;0;1;1;2,97;3,67;3,318;2;65.57;1;
138;3748;N;750001M;2019;2;4.712;11;6;3;2;2;3,22;4,04;3,6316;2;49.95;1;
139;3751;N;750001M;2019;2;2.89;9;5;2;2;1;2,81;4,38;3,5946;2;53.24;1;
140;3751;N;750001M;2019;2;4.552;12;6;3;2;2;4,92;3,63;4,2726;2;52.72;1;
141;3751;N;750001M;2019;2;3.696;10;5;3;2;2;4,27;3,26;3,7667;2;63.57;1;
142;3748;N;750001M;2019;2;3.993;1;1;0;1;2;4,47;4,19;4,3324;2;30.01;1;
143;3748;N;750001M;2019;2;4.756;4;2;1;1;1;4,5;2,89;3,6936;2;41.11;1;
144;3748;N;750001M;2019;2;4.699;6;3;2;#N/A;2;3,77;4,75;4,2592;2;42.7;1;
145;3748;N;750001M;2019;2;2.705;5;3;1;#N/A;2;3,11;3,03;3,0711;2;36.42;1;
146;3751;N;750001M;2019;2;44.199;11;6;3;2;2;3,13;4,61;3,8685;2;36.17;1;
147;3748;N;750001M;2019;2;4.408;11;6;3;2;2;4,92;4,09;4,5046;2;57.3;1;
148;3748;N;750001M;2019;2;3.908;5;3;1;#N/A;2;3,6;3,37;3,4845;2;28.1;1;
149;3748;N;750001M;2019;2;4.539;5;3;1;#N/A;2;3,17;3,84;3,5074;2;64.96;1;
150;3748;N;750001M;2019;2;3.009;6;3;2;#N/A;1;2,56;4,4;3,4783;2;46.43;1;
151;3748;N;750001M;2019;2;4.536;11;6;3;2;2;4,9;4,2;4,5495;2;63.82;1;
152;3748;N;750001M;2019;2;4.898;9;5;2;2;2;3,24;4,15;3,6927;2;29.89;1;
153;3748;N;750001M;2019;2;4.899;2;1;1;1;2;4,08;3,96;4,0193;2;36.97;1;
154;3748;N;750001M;2019;2;3.105;5;3;1;#N/A;2;3,86;3,09;3,4738;2;51.1;1;
155;3748;N;750001M;2019;2;3.667;3;2;1;1;2;3,79;4,29;4,0423;2;24.38;1;
156;3748;N;750001M;2019;2;4.981;8;4;2;#N/A;2;3,09;4,37;3,7303;2;27.89;1;
157;3751;N;750001M;2019;2;4.811;10;5;3;2;2;3,82;3,86;3,838;2;23.7;1;
158;3748;N;750001M;2019;2;4.88;12;6;3;2;1;2,64;4,71;3,6749;2;46.83;1;
159;3748;N;750001M;2019;2;3.262;1;1;0;1;2;4,11;4,02;4,0646;2;49.02;1;
160;3748;N;750001M;2019;2;3.518;10;5;3;2;2;3,6;4,55;4,0755;2;39.5;1;
161;3748;N;750001M;2019;2;3.446;11;6;3;2;1;4,31;2,95;3,6318;2;56.12;1;
162;3751;N;750001M;2019;2;4.216;2;1;1;1;2;4,24;4,11;4,1763;2;65.17;1;
163;3751;N;750001M;2019;2;4.027;9;5;2;2;1;2,56;3,71;3,1357;2;44.48;1;
164;3748;N;750001M;2019;2;4.373;10;5;3;2;2;3,25;4,02;3,635;2;25.57;1;
165;3748;N;750001M;2019;2;3.733;3;2;1;1;2;3,63;3,09;3,3602;2;56.98;1;
166;3748;N;750001M;2019;2;3.569;2;1;1;1;2;3,3;4,46;3,8786;2;58.9;1;
167;3751;N;750001M;2019;2;3.013;11;6;3;2;2;3,73;4,34;4,0331;2;26.19;1;
168;3748;N;750001M;2019;2;2.907;9;5;2;2;2;4,67;3,1;3,884;2;58.61;1;
169;3748;N;750001M;2019;2;3.798;4;2;1;1;1;3,87;2,91;3,3882;2;34.92;1;
170;3751;N;750001M;2019;2;2.761;5;3;1;#N/A;2;4,61;4,83;4,7209;2;39.94;1;
171;3751;N;750001M;2019;2;2.849;12;6;3;2;2;3,57;4,74;4,153;2;42.97;1;
172;3751;N;750001M;2019;2;4.351;1;1;0;1;1;2,72;3,23;2,9756;2;63.87;0;
173;3748;N;750001M;2019;2;3.146;12;6;3;2;2;4,7;3,51;4,1038;2;22.56;1;
174;3748;N;750001M;2019;2;4.873;5;3;1;#N/A;2;3,05;3,62;3,3328;2;63.75;1;
175;3748;N;750001M;2019;2;3.858;1;1;0;1;1;4,05;2,85;3,4511;2;46.98;1;
176;3748;N;750001M;2019;2;4.089;1;1;0;1;2;3,86;4,27;4,0642;2;24.03;1;
177;3751;N;750001M;2019;2;4.635;12;6;3;2;2;3,1;3,22;3,1613;2;55.48;1;
178;3748;N;750001M;2019;2;3.082;2;1;1;1;1;3,54;2,92;3,2289;3;23.57;1;
179;3748;N;750001M;2019;2;3.453;2;1;1;1;1;2,78;4,87;3,8261;3;44.07;1;
180;3748;N;750001M;2019;2;4.683;5;3;1;#N/A;2;3,14;3,91;3,5265;3;25.86;1;
181;3748;N;750001M;2019;2;2.978;12;6;3;2;1;4,3;2,97;3,6372;3;65.84;1;
182;3748;N;750001M;2019;2;3.172;2;1;1;1;2;3,15;4,08;3,6168;3;65.39;1;
183;3748;N;750001M;2019;2;2.72;8;4;2;#N/A;1;2,96;4,86;3,9112;3;34.72;1;
184;3748;N;750001M;2019;2;3.501;4;2;1;1;1;4,34;2,92;3,6277;3;25.29;1;
185;3748;N;750001M;2019;2;3.894;10;5;3;2;1;2,58;3,59;3,084;3;35.01;1;
186;3748;N;750001M;2019;2;3.758;1;1;0;1;1;2,62;3,68;3,1517;3;62.39;1;
187;3748;R;750001M;2019;2;2.735;2;1;1;1;1;2,76;3,29;3,0262;3;28.87;1;
188;3751;N;750001M;2019;2;4.445;4;2;1;1;2;3,22;4,52;3,8721;3;67.86;1;
189;3748;N;750001M;2019;2;4.478;4;2;1;1;2;4,77;4,81;4,7897;3;43.82;1;
190;3748;N;750001M;2019;2;4.56;2;1;1;1;2;4,75;3,44;4,0975;3;64.42;1;
191;3748;N;750001M;2019;2;4.114;1;1;0;1;2;4,8;4,85;4,8266;3;43.18;1;
192;3748;N;750001M;2019;2;3.983;10;5;3;2;2;4,64;4,88;4,7584;3;41.62;1;
193;3751;N;750001M;2019;2;44.289;12;6;3;2;2;4,81;4,42;4,6158;3;42.56;1;
194;3751;N;750001M;2019;2;3.167;3;2;1;1;2;4,55;3,6;4,0732;3;65.28;1;
195;3748;N;750001M;2019;2;2.872;3;2;1;1;2;4,46;3,67;4,0632;3;23.77;1;
196;3748;N;750001M;2019;2;4.525;1;1;0;1;2;4,88;4,2;4,5423;3;45.4;1;
197;3748;N;750001M;2019;2;2.937;9;5;2;2;1;4,7;2,85;3,7763;3;60.83;1;
198;3751;N;750001M;2019;2;3.197;7;4;2;#N/A;1;2,63;3,52;3,0767;3;65.76;1;
199;3748;N;750001M;2019;2;4.311;12;6;3;2;1;2,73;4,62;3,6739;3;57.44;1;
200;3748;N;750001M;2019;2;4.103;8;4;2;#N/A;2;4,38;4,6;4,4918;3;40.96;1;
201;3751;N;750001M;2019;2;4.652;5;3;1;#N/A;2;3,5;3,6;3,5491;3;20.58;1;
202;3751;N;750001M;2019;2;3.643;1;1;0;1;2;3,12;3,4;3,2624;3;31.3;1;
203;3751;N;750001M;2019;2;4.755;11;6;3;2;1;2,92;3,07;2,9965;3;54.2;0;
204;3748;N;750001M;2019;2;3.189;10;5;3;2;1;2,94;4,69;3,8157;3;21.12;1;
205;3748;N;750001M;2019;2;4.629;12;6;3;2;2;3,79;3,38;3,5874;3;53.75;1;
206;3748;N;750001M;2019;2;2.963;3;2;1;1;2;4,17;4,1;4,1373;3;38.4;1;
207;3751;N;750001M;2019;2;4.158;8;4;2;#N/A;2;4,26;4,91;4,5829;3;27.62;1;
208;3748;N;750001M;2019;2;3.151;11;6;3;2;2;3,17;4,85;4,008;3;50.45;1;
209;3748;N;750001M;2019;2;4.93;6;3;2;#N/A;1;3,17;2,82;2,9967;3;52.29;0;
210;3748;N;750001M;2019;2;3.081;10;5;3;2;2;3,84;4,14;3,9883;3;50.95;1;
211;3748;N;750001M;2019;2;4.628;2;1;1;1;2;3,78;4,67;4,2243;3;42.11;1;
212;3748;N;750001M;2019;2;3.036;9;5;2;2;2;4,81;3,77;4,2878;3;25.29;1;
213;3748;N;750001M;2019;2;4.712;5;3;1;#N/A;1;2,8;2,82;2,8106;3;26.03;0;
214;3748;N;750001M;2019;2;3.263;10;5;3;2;2;4,78;3,84;4,3122;3;34.72;1;
215;3751;N;750001M;2019;2;4.369;1;1;0;1;2;4,05;3,04;3,5428;3;48.37;1;
216;3748;N;750001M;2019;2;4.831;10;5;3;2;2;4,59;3,89;4,2402;3;57.33;1;
217;3748;N;750001M;2019;2;3.803;7;4;2;#N/A;2;3,77;3,4;3,5872;3;63.29;1;
218;3748;N;750001M;2019;2;4.039;5;3;1;#N/A;2;3,23;3,88;3,5529;3;40.01;1;
219;3748;R;750001M;2019;2;3.318;7;4;2;#N/A;2;4,9;4,53;4,7162;3;31.53;1;
220;3751;N;750001M;2019;2;3.28;9;5;2;2;2;4,96;4,08;4,5222;3;51.55;1;
221;3751;N;750001M;2019;2;4.257;2;1;1;1;1;2,59;4,05;3,3184;3;33.42;1;
222;3748;N;750001M;2019;2;3.98;5;3;1;#N/A;1;4,39;2,81;3,6017;3;24.76;1;
223;3748;N;750001M;2019;2;4.847;11;6;3;2;2;4,46;3,95;4,2049;3;33.22;1;
224;3748;N;750001M;2019;2;3.797;9;5;2;2;2;3,52;3,91;3,713;3;57.53;1;
225;3751;N;750001M;2019;2;2.83;11;6;3;2;2;3,22;4,04;3,6282;3;23.05;1;
226;3748;N;750001M;2019;2;4.932;8;4;2;#N/A;2;4,06;4,23;4,1448;3;27.97;1;
227;3748;N;750001M;2019;2;4.033;10;5;3;2;2;4,42;3,47;3,9456;3;67.42;1;
228;3751;N;750001M;2019;2;3.329;11;6;3;2;2;4,38;4,24;4,3089;3;41.98;1;
229;3751;N;750001M;2019;2;4.032;6;3;2;#N/A;2;4,18;3,46;3,8202;3;22.85;1;
230;3751;N;750001M;2019;2;3.963;5;3;1;#N/A;2;3,14;4,12;3,6295;3;66.5;1;
231;3748;N;750001M;2019;2;4.363;12;6;3;2;2;4,49;3,29;3,8905;3;34.62;1;
232;3748;N;750001M;2019;2;4.416;2;1;1;1;2;3,18;4,27;3,7272;3;51.14;1;
233;3748;N;750001M;2019;2;3.404;5;3;1;#N/A;1;4,82;2,81;3,8127;3;23.85;1;
234;3748;N;750001M;2019;2;3.857;11;6;3;2;2;4,31;3,22;3,764;3;46.58;1;
235;3751;N;750001M;2019;2;4.157;12;6;3;2;2;3,8;3,99;3,8965;3;39.94;1;
236;3748;N;750001M;2019;2;3.682;8;4;2;#N/A;2;3,43;3,9;3,6664;3;45.99;1;
237;3748;N;750001M;2019;2;4.031;1;1;0;1;2;4,23;3,99;4,111;3;24.37;1;
238;3748;N;750001M;2019;2;4.924;4;2;1;1;1;3,7;2,88;3,2897;3;62.21;1;
239;3748;N;750001M;2019;2;4.965;3;2;1;1;2;4,73;3,3;4,0162;3;47.27;1;
240;3748;N;750001M;2019;2;3.337;5;3;1;#N/A;2;3,71;4,49;4,0978;3;34.89;1;
241;3748;N;750001M;2019;2;2.771;11;6;3;2;2;4,63;4,52;4,5733;3;65.09;1;
242;3751;N;750001M;2019;2;4.747;10;5;3;2;2;3,05;3,55;3,298;3;31.1;1;
243;3748;N;750001M;2019;2;4.141;5;3;1;#N/A;2;3,95;4,55;4,2516;3;20.48;1;
244;3748;N;750001M;2019;2;3.712;10;5;3;2;2;3,26;3,05;3,1534;3;35.01;1;
245;3748;N;750001M;2019;2;4.847;3;2;1;1;2;3,73;3,78;3,7545;3;59.87;1;
246;3748;N;750001M;2019;2;2.72;6;3;2;#N/A;1;2,73;3,07;2,8997;3;35.29;0;
247;3751;N;750001M;2019;2;2.929;9;5;2;2;1;2,97;3,53;3,2503;3;24.48;1;
248;3751;N;750001M;2019;2;2.841;8;4;2;#N/A;2;4,63;4;4,3126;3;38.53;1;
249;3748;N;750001M;2019;2;4.901;9;5;2;2;2;4,9;4,71;4,807;3;54.84;1;
250;3748;N;750001M;2019;2;3.673;11;6;3;2;2;4,67;3,36;4,0149;3;58.96;1;
251;3748;N;750001M;2019;2;4.785;5;3;1;#N/A;2;3,09;3,52;3,3047;3;54.98;1;
252;3751;N;750001M;2019;2;2.804;6;3;2;#N/A;2;4,69;4,22;4,4559;3;45.07;1;
253;3748;N;750001M;2019;2;44.351;12;6;3;2;2;3,84;3,58;3,7085;3;44.32;1;
254;3748;N;750001M;2019;2;4.737;9;5;2;2;2;4,73;4,53;4,6286;3;39.25;1;
255;3751;N;750001M;2019;2;4.423;10;5;3;2;2;3,69;3,58;3,6358;3;28.75;1;
256;3751;N;750001M;2019;2;2.931;11;6;3;2;2;3,57;4,59;4,0811;4;31.97;1;
257;3751;N;750001M;2019;2;4.28;2;1;1;1;1;4,02;2,86;3,4422;4;55.61;1;
258;3748;N;750001M;2019;2;3.339;9;5;2;2;2;3,2;3,2;3,1999;4;29.98;1;
259;3748;N;750001M;2019;2;2.935;11;6;3;2;2;3,56;3,15;3,3545;4;61.12;1;
260;3748;N;750001M;2019;2;3.357;7;4;2;#N/A;2;3,75;4,11;3,9297;4;61.01;1;
261;3751;N;750001M;2019;2;4.687;6;3;2;#N/A;1;2,61;3,64;3,1263;4;52.73;1;
262;3748;N;750001M;2019;2;3.105;9;5;2;2;1;2,95;3,42;3,1853;4;33.68;1;
263;3748;N;750001M;2019;2;4.409;9;5;2;2;2;3,28;3,7;3,4879;4;48.8;1;
264;3748;N;750001M;2019;2;2.763;2;1;1;1;2;3,83;3,15;3,4918;4;42.06;1;
265;3748;N;750001M;2019;2;3.674;2;1;1;1;2;3,92;3,26;3,5898;4;42.1;1;
266;3748;N;750001M;2019;2;2.935;7;4;2;#N/A;2;3,85;3,92;3,8874;4;21.45;1;
267;3748;N;750001M;2019;2;4.15;11;6;3;2;2;3,2;3,09;3,1434;4;39.46;1;
268;3748;N;750001M;2019;2;2.999;9;5;2;2;2;3,32;4,26;3,7901;4;62.16;1;
269;3751;N;750001M;2019;2;4.762;6;3;2;#N/A;2;4,27;3,92;4,0951;4;35.51;1;
270;3748;N;750001M;2019;2;4.685;2;1;1;1;2;3,27;3,2;3,2331;4;59.84;1;
271;3748;N;750001M;2019;2;2.802;11;6;3;2;2;4,55;4,52;4,537;4;42.49;1;
272;3748;N;750001M;2019;2;3.301;3;2;1;1;2;4,58;3,81;4,1955;4;26.75;1;
273;3748;N;750001M;2019;2;4.911;9;5;2;2;2;4,78;3,94;4,361;4;25.01;1;
274;3751;N;750001M;2019;2;2.826;5;3;1;#N/A;1;2,83;4,06;3,4432;4;41.66;1;
275;3751;N;750001M;2019;2;3.633;12;6;3;2;2;4,2;3,75;3,9732;4;36.17;1;
276;3748;N;750001M;2019;2;3.832;9;5;2;2;2;3,84;4,55;4,1965;4;23.1;1;
277;3748;N;750001M;2019;2;3.61;5;3;1;#N/A;2;3,17;4,29;3,7298;4;48.22;1;
278;3748;R;750001M;2019;2;3.905;1;1;0;1;2;4,56;3,68;4,1185;4;65.43;1;
279;3751;N;750001M;2019;2;3.648;4;2;1;1;2;4,43;3,82;4,1246;4;27.87;1;
280;3748;N;750001M;2019;2;3.011;8;4;2;#N/A;2;4,91;4,34;4,6247;4;30.97;1;
281;3748;N;750001M;2019;2;3.638;6;3;2;#N/A;2;4,7;3,71;4,2055;4;20.85;1;
282;3751;N;750001M;2019;2;3.857;1;1;0;1;2;4,6;4,88;4,7382;4;50.3;1;
283;3751;N;750001M;2019;2;3.746;2;1;1;1;2;5;4,39;4,6925;4;27.94;1;
284;3751;R;750001M;2019;2;4.758;7;4;2;#N/A;1;2,69;4,55;3,6196;4;65.57;1;
285;3748;N;750001M;2019;2;3.158;7;4;2;#N/A;1;2,54;4,31;3,4235;4;37.55;1;
286;3748;N;750001M;2019;2;4.186;5;3;1;#N/A;1;2,81;4,71;3,761;4;46.42;1;
287;3748;N;750001M;2019;2;4.938;5;3;1;#N/A;2;3,03;3,34;3,1829;4;53.93;1;
288;3748;N;750001M;2019;2;3.221;11;6;3;2;1;2,52;3,7;3,1098;4;66.54;1;
289;3751;N;750001M;2019;2;4.827;2;1;1;1;2;4,61;4,25;4,4292;4;41.88;1;
290;3748;N;750001M;2019;2;4.073;5;3;1;#N/A;1;2,99;3,79;3,3887;4;63.89;1;
291;3748;N;750001M;2019;2;3.146;6;3;2;#N/A;2;4,7;4,76;4,7291;4;66.23;1;
292;3748;N;750001M;2019;2;4.568;11;6;3;2;2;4,43;4,22;4,3253;4;26.68;1;
293;3748;N;750001M;2019;2;3.525;5;3;1;#N/A;2;3,29;3,02;3,1567;4;53.86;1;
294;3748;N;750001M;2019;2;3.081;8;4;2;#N/A;2;4,7;3,98;4,3422;4;20.5;1;
295;3748;N;750001M;2019;2;4.518;2;1;1;1;2;3,16;3,29;3,2249;4;40.17;1;
296;3748;N;750001M;2019;2;4.339;1;1;0;1;2;4,92;4,69;4,8036;4;42.2;1;
297;3748;N;750001M;2019;2;3.144;7;4;2;#N/A;2;3,9;4,74;4,3211;4;64.68;1;
298;3748;N;750001M;2019;2;3.534;12;6;3;2;2;4,35;3,45;3,8988;4;37.9;1;
299;3748;N;750001M;2019;2;4.245;2;1;1;1;2;4,54;3,65;4,0927;4;55.37;1;
300;3751;N;750001M;2019;2;4.088;3;2;1;1;2;4,16;4,8;4,4819;4;51.15;1;
301;3748;N;750001M;2019;2;4.536;3;2;1;1;1;3,53;2,92;3,2268;4;32.96;1;
302;3748;N;750001M;2019;2;2.85;11;6;3;2;1;2,87;2,84;2,8532;4;33.22;0;
303;3748;N;750001M;2019;2;4.684;5;3;1;#N/A;2;3,56;4,58;4,0711;4;50.37;1;
304;3748;N;750001M;2019;2;3.565;10;5;3;2;2;3,2;4,26;3,7311;4;63.23;1;
305;3751;N;750001M;2019;2;4.639;10;5;3;2;2;4,6;4,6;4,598;4;43.98;1;
306;3751;N;750001M;2019;2;4.707;5;3;1;#N/A;2;3,17;4,57;3,8715;4;24.17;1;
307;3748;N;750001M;2019;2;3.21;9;5;2;2;2;3,87;4,75;4,3076;4;63.88;1;
308;3748;N;750001M;2019;2;3.805;11;6;3;2;2;4,58;4,24;4,4077;4;40.98;1;
309;3748;N;750001M;2019;2;3.313;4;2;1;1;2;4,67;4,51;4,5888;4;53.09;1;
310;3748;N;750001M;2019;2;3.129;8;4;2;#N/A;2;4,27;4,46;4,3653;4;31.15;1;
311;3748;N;750001M;2019;2;3.439;2;1;1;1;1;2,83;2,88;2,8544;4;53.01;0;
312;3748;N;750001M;2019;2;3.893;2;1;1;1;2;3,18;4,05;3,6137;4;44.16;1;
313;3748;N;750001M;2019;2;4.971;10;5;3;2;2;3,32;3,58;3,4523;4;46.6;1;
314;3748;N;750001M;2019;2;4.846;2;1;1;1;2;3,86;4,06;3,9622;4;28.23;1;
315;3751;N;750001M;2019;2;3.576;6;3;2;#N/A;2;4,35;4,48;4,4173;4;38.63;1;
316;3748;N;750001M;2019;2;2.759;3;2;1;1;1;3,84;2,94;3,3906;4;33.24;1;
317;3748;N;750001M;2019;2;4.216;12;6;3;2;2;3,2;3,99;3,5938;4;58.72;1;
318;3748;N;750001M;2019;2;2.732;1;1;0;1;2;3,91;4,65;4,2823;4;50.39;1;
319;3748;N;750001M;2019;2;3.387;5;3;1;#N/A;2;3,22;3,48;3,3497;4;64.04;1;
320;3751;N;750001M;2019;2;2.955;5;3;1;#N/A;2;4,31;4;4,1562;4;34.96;1;
321;3751;N;750001M;2019;2;3.892;5;3;1;#N/A;1;2,88;4,06;3,4717;4;38.32;1;
322;3748;N;750001M;2019;2;3.923;4;2;1;1;2;4,15;3,38;3,7654;4;36.34;1;
323;3748;N;750001M;2019;2;3.529;12;6;3;2;2;3,07;4,21;3,6399;4;67.53;1;
324;3748;N;750001M;2019;2;3.225;6;3;2;#N/A;2;3,63;3,37;3,5008;4;39.62;1;
325;3751;N;750001M;2019;2;3.496;3;2;1;1;2;3,76;4,48;4,1217;4;39.27;1;
326;3748;N;750001M;2019;2;4.788;9;5;2;2;2;3,07;4,54;3,8062;4;67.7;1;
327;3748;N;750001M;2019;2;3.952;7;4;2;#N/A;2;4,74;4,11;4,4245;5;37.02;1;
328;3751;N;750001M;2019;2;4.594;7;4;2;#N/A;2;3,64;4,03;3,8329;5;52.29;1;
329;3751;N;750001M;2019;2;3.701;12;6;3;2;2;4,47;4,06;4,2638;5;24.53;1;
330;3751;N;750001M;2019;2;4.378;5;3;1;#N/A;2;4,15;4,11;4,1304;5;53.87;1;
331;3748;N;750001M;2019;2;3.674;1;1;0;1;2;3,3;4,54;3,9199;5;42.37;1;
332;3748;N;750001M;2019;2;3.593;5;3;1;#N/A;2;3,44;4,22;3,8323;5;32.09;1;
333;3748;N;750001M;2019;2;4.516;8;4;2;#N/A;1;2,73;3,49;3,1122;5;50.8;1;
334;3751;N;750001M;2019;2;4.792;8;4;2;#N/A;2;3,31;4,54;3,9225;5;61.45;1;
335;3748;N;750001M;2019;2;3.673;4;2;1;1;2;3,05;3,93;3,49;5;37.99;1;
336;3748;N;750001M;2019;2;4.969;9;5;2;2;1;2,55;4,3;3,4271;5;27.29;1;
337;3748;R;750001M;2019;2;2.843;7;4;2;#N/A;2;3,2;3,03;3,1137;5;58.03;1;
338;3748;N;750001M;2019;2;4.476;7;4;2;#N/A;2;4,35;3,18;3,7642;5;62.16;1;
339;3748;N;750001M;2019;2;3.037;11;6;3;2;1;4,01;2,97;3,4906;5;40.08;1;
340;3748;N;750001M;2019;2;3.109;4;2;1;1;2;4,9;4,41;4,6554;5;65.36;1;
341;3748;N;750001M;2019;2;4.35;8;4;2;#N/A;2;3,91;3,78;3,8444;5;34.91;1;
342;3751;N;750001M;2019;2;3.463;4;2;1;1;2;3,56;3,27;3,4138;5;59;1;
343;3748;N;750001M;2019;2;4.982;8;4;2;#N/A;2;3,38;4,69;4,0347;5;26.71;1;
344;3748;N;750001M;2019;2;3.612;8;4;2;#N/A;1;2,77;4,88;3,825;5;53.39;1;
345;3748;N;750001M;2019;2;4.857;5;3;1;#N/A;2;4,76;3,86;4,3081;5;53.08;1;
346;3748;N;750001M;2019;2;2.729;3;2;1;1;1;2,56;3,38;2,9707;5;42.69;0;
347;3751;R;750001M;2019;2;3.544;3;2;1;1;2;3,03;4,52;3,7762;5;56.66;1;
348;3751;N;750001M;2019;2;4.441;3;2;1;1;1;2,54;3,09;2,8142;5;60.22;0;
349;3748;N;750001M;2019;2;4.65;11;6;3;2;1;2,71;3,54;3,1234;5;66.95;1;
350;3748;N;750001M;2019;2;4.622;12;6;3;2;2;3,76;3,86;3,8089;5;38.05;1;
351;3748;N;750001M;2019;2;3.447;9;5;2;2;2;4,19;4,67;4,4276;5;66.36;1;
352;3751;N;750001M;2019;2;3.466;4;2;1;1;2;4,54;3,15;3,8442;5;56.15;1;
353;3748;N;750001M;2019;2;3.528;6;3;2;#N/A;1;4,73;2,93;3,8283;5;55.27;1;
354;3748;N;750001M;2019;2;3.551;8;4;2;#N/A;1;2,55;4,46;3,5057;5;45.72;1;
355;3751;N;750001M;2019;2;3.172;11;6;3;2;2;4,92;4,54;4,7322;5;59.52;1;
356;3751;N;750001M;2019;2;3.542;10;5;3;2;2;3,77;3,14;3,4554;5;58.31;1;
357;3751;N;750001M;2019;2;4.907;2;1;1;1;1;3,22;2,87;3,0434;5;20.81;1;
358;3748;N;750001M;2019;2;3.475;7;4;2;#N/A;2;4,37;3,14;3,7529;5;53.98;1;
359;3748;N;750001M;2019;2;4.964;12;6;3;2;2;3,62;4,71;4,1641;5;54.79;1;
360;3748;N;750001M;2019;2;4.393;2;1;1;1;2;3,19;4,22;3,707;5;49.42;1;
361;3748;N;750001M;2019;2;4.161;3;2;1;1;2;4,99;3,5;4,2449;5;25.59;1;
362;3748;N;750001M;2019;2;3.172;8;4;2;#N/A;2;4,98;4,23;4,6066;5;21.03;1;
363;3748;N;750001M;2019;2;4.586;3;2;1;1;1;2,55;3,71;3,1311;5;23.31;1;
364;3748;N;750001M;2019;2;3.446;5;3;1;#N/A;1;2,63;4,87;3,7508;5;36.13;1;
365;3748;N;750001M;2019;2;3.509;2;1;1;1;1;4,74;2,97;3,857;5;66.51;1;
366;3748;N;750001M;2019;2;3.528;3;2;1;1;2;3,54;4,01;3,7745;5;59.84;1;
367;3751;N;750001M;2019;2;4.491;3;2;1;1;2;4,75;3,37;4,0601;5;29.15;1;
368;3748;N;750001M;2019;2;44.412;3;2;1;1;2;3,6;3,57;3,5868;5;41.24;1;
369;3748;N;750001M;2019;2;3.344;5;3;1;#N/A;2;3,41;4,23;3,8195;5;35.17;1;
370;3748;N;750001M;2019;2;4.671;8;4;2;#N/A;2;4,62;4,31;4,4659;5;46.25;1;
371;3748;N;750001M;2019;2;3.083;12;6;3;2;2;3,01;4,71;3,8612;5;27.09;1;
372;3751;N;750001M;2019;2;4.728;12;6;3;2;2;3,95;4,83;4,391;5;57.07;1;
373;3751;N;750001M;2019;2;4.204;6;3;2;#N/A;2;3,14;3,97;3,5527;5;43.91;1;
374;3748;N;750001M;2019;2;4.771;11;6;3;2;1;2,57;4,84;3,7043;5;44.54;1;
375;3748;N;750001M;2019;2;2.758;2;1;1;1;2;3,77;4,03;3,9024;5;38.97;1;
376;3748;N;750001M;2019;2;3.894;10;5;3;2;2;4,01;3,37;3,6905;5;35.01;1;
377;3751;N;750001M;2019;2;4.307;5;3;1;#N/A;2;3,65;4,69;4,1713;5;49.81;1;
378;3748;N;750001M;2019;2;3.358;6;3;2;#N/A;2;3,77;4,06;3,9152;5;30.11;1;
379;3748;N;750001M;2019;2;3.955;10;5;3;2;1;3,47;2,92;3,1971;5;55.76;1;
380;3751;N;750001M;2019;2;3.668;10;5;3;2;2;4,83;3,02;3,9228;5;39.22;1;
381;3751;N;750001M;2019;2;3.052;3;2;1;1;1;2,84;3,22;3,0282;5;24;1;
382;3751;N;750001M;2019;2;4.264;2;1;1;1;2;3,95;3,18;3,5648;5;53.78;1;
383;3748;N;750001M;2019;2;4.146;9;5;2;2;2;4,76;4,72;4,7407;5;29.72;1;
384;3748;N;750001M;2019;2;44.411;8;4;2;#N/A;1;2,91;3,29;3,1014;5;49.27;1;
385;3748;N;750001M;2019;2;3.951;4;2;1;1;2;3,27;3,42;3,3445;5;51.48;1;
386;3751;N;750001M;2019;2;2.77;9;5;2;2;1;2,61;3,36;2,984;5;55.58;0;
387;3748;N;750001M;2019;2;4.675;10;5;3;2;2;4,91;4,21;4,5592;5;32.67;1;
388;3748;N;750001M;2019;2;2.861;8;4;2;#N/A;2;3,52;3,24;3,3819;5;38.37;1;
389;3748;N;750001M;2019;2;4.472;10;5;3;2;1;2,81;4,06;3,4369;5;40.49;1;
390;3748;N;750001M;2019;2;4.662;9;5;2;2;2;4,72;4,24;4,479;5;55.59;1;
391;3748;N;750001M;2019;2;3.452;9;5;2;2;2;3,87;4,34;4,104;5;55.84;1;
392;3748;N;750001M;2019;2;4.594;4;2;1;1;1;4,03;2,97;3,5002;5;55.47;1;
393;3748;N;750001M;2019;2;4.948;7;4;2;#N/A;2;3,07;3,84;3,4526;5;56.51;1;
394;3751;N;750001M;2019;2;3.972;9;5;2;2;2;3,08;3,26;3,1687;5;30.73;1;
395;3748;N;750001M;2019;2;3.609;9;5;2;2;2;4,25;3,4;3,8231;5;40.33;1;
396;3748;N;750001M;2019;2;4.27;11;6;3;2;2;4,2;4,03;4,1153;5;46.75;1;
397;3748;N;750001M;2019;2;3.466;1;1;0;1;2;3,83;3,74;3,7829;5;47.18;1;
398;3748;R;750001M;2019;2;3.099;9;5;2;2;2;3,47;3,68;3,5747;5;57.71;1;
399;3751;N;750001M;2019;2;4.259;1;1;0;1;2;3,18;3,58;3,3812;5;46.69;1;
400;3751;N;750001M;2019;2;3.33;2;1;1;1;2;3,95;4,69;4,3206;5;61.98;1;
401;3748;N;750001M;2019;2;3.047;1;1;0;1;2;4,57;4,61;4,5886;5;65.19;1;
402;3748;N;750001M;2019;2;3.824;9;5;2;2;2;3,59;3,51;3,5523;5;48.88;1;
403;3748;N;750001M;2019;2;4.885;9;5;2;2;1;3,11;2,93;3,0205;5;35.67;1;
404;3751;N;750001M;2019;2;2.878;4;2;1;1;1;2,73;3,27;2,9976;5;23.28;0;
405;3748;N;750001M;2019;2;4.358;9;5;2;2;1;2,87;4,78;3,8247;5;22.24;1;
406;3748;N;750001M;2019;2;4.39;8;4;2;#N/A;1;3,85;2,92;3,3854;5;49.12;1;
407;3751;N;750001M;2019;2;3.66;3;2;1;1;2;3,57;4,61;4,088;5;22.52;1;
408;3751;N;750001M;2019;2;4.407;11;6;3;2;2;4,85;4,87;4,8619;5;44.25;1;
409;3751;N;750001M;2019;2;4.686;9;5;2;2;2;4,17;4,91;4,5383;5;57.81;1;
410;3748;N;750001M;2019;2;3.082;1;1;0;1;2;3,34;4,16;3,7512;5;67.53;1;
411;3748;N;750001M;2019;2;44.381;1;1;0;1;2;3,29;4,07;3,6776;5;27.69;1;
412;3748;N;750001M;2019;2;3.388;8;4;2;#N/A;2;3,95;3,33;3,6415;5;57.31;1;
413;3748;N;750001M;2019;2;3.905;4;2;1;1;2;3,24;3,29;3,2657;5;41.74;1;
414;3751;N;750001M;2019;2;4.588;9;5;2;2;2;3,83;4,58;4,2052;5;36.27;1;
415;3748;N;750001M;2019;2;3.748;12;6;3;2;2;4,24;3,83;4,0357;5;40.48;1;
416;3748;N;750001M;2019;2;44.411;4;2;1;1;2;3,76;3,78;3,7686;5;54.68;1;
417;3748;N;750001M;2019;2;3.96;9;5;2;2;2;3,26;3,85;3,5562;5;53.42;1;
418;3748;N;750001M;2019;2;4.619;11;6;3;2;2;4,47;3,87;4,1701;5;62.85;1;
419;3748;N;750001M;2019;2;4.339;12;6;3;2;2;3,51;3,83;3,6682;5;63.02;1;
420;3748;N;750001M;2019;2;3.938;4;2;1;1;1;2,81;3,37;3,0922;5;65.93;1;
421;3748;N;750001M;2019;2;4.639;2;1;1;1;2;3,26;3,17;3,2149;5;34.3;1;
422;3748;N;750001M;2019;2;3.104;3;2;1;1;2;3,86;3,22;3,5383;5;21.55;1;
423;3748;N;750001M;2019;2;4.379;5;3;1;#N/A;2;3,21;3,91;3,56;5;54.4;1;
424;3748;N;750001M;2019;2;4.617;5;3;1;#N/A;2;3,26;3,7;3,4821;5;35.04;1;
425;3751;N;750001M;2019;2;3.278;3;2;1;1;2;3,78;3,3;3,5394;5;44.58;1;
426;3748;N;750001M;2019;2;4.77;1;1;0;1;1;2,78;3,27;3,0254;5;35.67;1;
427;3748;N;750001M;2019;2;3.558;4;2;1;1;1;2,63;3,13;2,8816;5;23.82;0;
428;3748;N;750001M;2019;2;3.708;6;3;2;#N/A;2;3,62;4,67;4,1455;5;43.62;1;
429;3748;N;750001M;2019;2;4.214;7;4;2;#N/A;2;3,67;3,85;3,7614;5;31.4;1;
430;3751;N;750001M;2019;2;3.84;9;5;2;2;2;4,67;3,05;3,8583;5;48.38;1;
431;3751;N;750001M;2019;2;4.753;6;3;2;#N/A;1;2,64;4,09;3,3663;5;22.32;1;
432;3748;N;750001M;2019;2;3.796;10;5;3;2;2;4,8;3,44;4,1187;5;25.65;1;
433;3748;N;750001M;2019;2;4.019;8;4;2;#N/A;2;3,93;4,52;4,2263;5;59.88;1;
434;3748;N;750001M;2019;2;4.697;11;6;3;2;2;3,89;3,13;3,5083;5;65.36;1;
435;3751;N;750001M;2019;2;4.526;10;5;3;2;2;4,2;3,41;3,8032;5;55.52;1;
436;3748;N;750001M;2019;2;3.827;9;5;2;2;1;2,61;4,19;3,4;5;56.84;1;
437;3748;N;750001M;2019;2;3.34;9;5;2;2;2;4,08;3,94;4,0121;5;55.58;1;
438;3751;N;750001M;2019;2;3.464;6;3;2;#N/A;1;2,71;3,25;2,9825;5;65.38;0;
439;3748;N;750001M;2019;2;3.811;8;4;2;#N/A;2;4,85;3,64;4,2452;5;62.14;1;
440;3748;N;750001M;2019;2;3.584;5;3;1;#N/A;2;3,03;3,12;3,0768;5;24.46;1;
441;3748;R;750001M;2019;2;3.458;1;1;0;1;2;3,32;3,53;3,4236;5;60.08;1;
442;3748;N;750001M;2019;2;4.829;11;6;3;2;2;3,36;3,66;3,5082;5;38.18;1;
443;3748;N;750001M;2019;2;3.783;1;1;0;1;2;4,72;4,13;4,4263;5;58.31;1;
444;3751;N;750001M;2019;2;4.478;10;5;3;2;2;3,57;4,26;3,9132;5;45.76;1;
445;3748;N;750001M;2019;2;3.177;10;5;3;2;2;3,95;4,49;4,2217;5;35.22;1;
446;3748;N;750001M;2019;2;3.384;12;6;3;2;2;3,43;3,17;3,3007;5;40.58;1;
447;3748;N;750001M;2019;2;4.729;8;4;2;#N/A;1;2,65;3,35;2,9998;5;50.33;0;
448;3748;N;750001M;2019;2;4.354;11;6;3;2;2;3,57;3,63;3,5995;5;60.79;1;
449;3751;N;750001M;2019;2;3.424;5;3;1;#N/A;2;3,2;4,47;3,8369;5;52.04;1;
450;3751;N;750001M;2019;2;3.197;11;6;3;2;2;3,74;3;3,369;5;35.82;1;
451;3748;N;750001M;2019;2;4.487;12;6;3;2;2;4,69;4,45;4,5716;6;44.5;1;
452;3748;N;750001M;2019;2;3.418;9;5;2;2;1;2,55;4,7;3,6271;6;64.43;1;
453;3748;N;750001M;2019;2;3.209;2;1;1;1;2;3,66;3,74;3,7011;6;35.51;1;
454;3751;N;750001M;2019;2;3.569;3;2;1;1;2;3,19;4,81;4,0024;6;52.11;1;
455;3748;N;750001M;2019;2;2.897;7;4;2;#N/A;1;2,82;3,93;3,3736;6;62.46;1;
456;3748;N;750001M;2019;2;4.973;10;5;3;2;1;2,91;3,83;3,3716;6;32.59;1;
457;3751;N;750001M;2019;2;3.522;7;4;2;#N/A;2;4,23;3,03;3,6299;6;66.29;1;
458;3751;N;750001M;2019;2;4.728;6;3;2;#N/A;2;3,32;3,66;3,4908;6;47.46;1;
459;3751;N;750001M;2019;2;3.313;11;6;3;2;1;3,62;2,99;3,3075;6;25.75;1;
460;3748;N;750001M;2019;2;3.153;6;3;2;#N/A;2;3,62;3,28;3,4521;6;28;1;
461;3748;N;750001M;2019;2;3.671;12;6;3;2;2;4,75;3,51;4,1276;6;61.19;1;
462;3748;N;750001M;2019;2;4.548;1;1;0;1;2;4,68;4,69;4,6827;6;34.46;1;
463;3751;N;750001M;2019;2;3.839;8;4;2;#N/A;2;3,12;3,14;3,131;6;44.76;1;
464;3748;N;750001M;2019;2;4.372;10;5;3;2;2;3,66;3,1;3,3785;6;25.69;1;
465;3748;N;750001M;2019;2;4.897;3;2;1;1;2;4,8;4,38;4,5909;6;30.59;1;
466;3748;N;750001M;2019;2;4.852;7;4;2;#N/A;2;3,81;4,71;4,2575;6;63.7;1;
467;3748;N;750001M;2019;2;2.734;2;1;1;1;1;2,73;4,85;3,7902;6;45.48;1;
468;3748;N;750001M;2019;2;3.206;10;5;3;2;1;2,76;4,23;3,4971;6;47.85;1;
469;3748;N;750001M;2019;2;4.567;6;3;2;#N/A;2;4,26;3,75;4,0027;6;24.31;1;
470;3748;N;750001M;2019;2;4.436;8;4;2;#N/A;1;2,58;3,47;3,0238;6;41.28;1;
471;3751;N;750001M;2019;2;2.708;6;3;2;#N/A;2;4,58;4,48;4,5312;6;40.99;1;
472;3748;N;750001M;2019;2;3.621;3;2;1;1;2;4,98;4,22;4,5997;6;63.32;1;
473;3748;R;750001M;2019;2;2.859;5;3;1;#N/A;2;3,76;4,74;4,2496;6;23.4;1;
474;3748;N;750001M;2019;2;3.191;4;2;1;1;2;4,48;3,4;3,9382;6;25.88;1;
475;3748;N;750001M;2019;2;2.831;8;4;2;#N/A;2;4,17;4,27;4,2196;6;43.65;1;
476;3751;N;750001M;2019;2;4.039;3;2;1;1;2;3,73;3,07;3,3977;6;39.25;1;
477;3751;N;750001M;2019;2;4.734;3;2;1;1;1;2,74;3,61;3,1758;6;56.19;1;
478;3748;N;750001M;2019;2;3.394;1;1;0;1;2;4,26;4,81;4,5363;6;65.75;1;
479;3748;N;750001M;2019;2;3.974;6;3;2;#N/A;2;4,38;4,6;4,4879;6;67.97;1;
480;3748;N;750001M;2019;2;4.218;8;4;2;#N/A;2;4,89;3,15;4,0221;6;39.29;1;
481;3751;N;750001M;2019;2;3.354;11;6;3;2;1;2,91;3,07;2,9885;6;28.45;0;
482;3748;N;750001M;2019;2;2.84;11;6;3;2;2;4,22;3,53;3,8768;6;44.75;1;
483;3748;N;750001M;2019;2;44.200;3;2;1;1;1;2,82;3,18;3,0016;6;29.67;1;
484;3751;N;750001M;2019;2;2.723;8;4;2;#N/A;2;4,87;4,74;4,8044;6;21.86;1;
485;3751;N;750001M;2019;2;4.348;4;2;1;1;2;3,84;4,52;4,1779;6;45.28;1;
486;3751;N;750001M;2019;2;4.701;11;6;3;2;1;2,67;3,99;3,332;6;33.4;1;
487;3748;N;750001M;2019;2;4.861;2;1;1;1;2;3,69;3,2;3,4437;6;38.91;1;
488;3748;N;750001M;2019;2;4.426;2;1;1;1;1;2,62;3,06;2,8383;6;46.54;0;
489;3748;N;750001M;2019;2;4.736;12;6;3;2;2;3,08;3,84;3,4595;6;49.96;1;
490;3748;N;750001M;2019;2;4.535;1;1;0;1;1;2,73;3,44;3,0867;6;64.91;1;
491;3751;N;750001M;2019;2;2.821;4;2;1;1;2;4,92;3,83;4,3759;6;25.53;1;
492;3748;N;750001M;2019;2;2.91;10;5;3;2;2;3,84;4,35;4,0947;6;62.3;1;
493;3748;N;750001M;2019;2;4.964;1;1;0;1;2;4,06;4,13;4,096;6;39.84;1;
494;3748;N;750001M;2019;2;44.443;2;1;1;1;1;2,63;4,79;3,7076;6;25.42;1;
495;3748;N;750001M;2019;2;4.454;12;6;3;2;2;3,98;4,32;4,1519;6;56.97;1;
496;3748;N;750001M;2019;2;4.807;3;2;1;1;2;3,02;3,65;3,3327;6;67.36;1;
497;3748;N;750001M;2019;2;4.323;9;5;2;2;2;3,68;4,47;4,0765;6;51.71;1;
498;3748;N;750001M;2019;2;3.988;4;2;1;1;2;3,28;4,89;4,0838;6;62.12;1;
499;3748;N;750001M;2019;2;4.213;8;4;2;#N/A;1;2,79;3,41;3,1007;6;67.06;1;
500;3748;N;750001M;2019;2;2.809;2;1;1;1;1;2,81;3,93;3,3697;6;53.81;1;
501;3748;N;750001M;2019;2;2.791;5;3;1;#N/A;1;2,79;3,16;2,9749;6;49.54;0;
502;3751;N;750001M;2019;2;4.128;12;6;3;2;2;3,91;3,6;3,7568;6;25.07;1;
503;3748;N;750001M;2019;2;4.783;11;6;3;2;2;4,83;4,88;4,8562;6;31.77;1;
504;3748;N;750001M;2019;2;4.789;9;5;2;2;2;3,78;4,14;3,961;6;52.05;1;
505;3748;N;750001M;2019;2;4.066;1;1;0;1;2;4,42;4,52;4,471;6;41.46;1;
506;3748;N;750001M;2019;2;3.762;10;5;3;2;2;4,78;3,34;4,0625;6;45.6;1;
507;3751;N;750001M;2019;2;3.84;12;6;3;2;2;4,33;3,31;3,8189;6;31.68;1;
508;3751;N;750001M;2019;2;3.198;10;5;3;2;1;2,69;3,75;3,2188;6;57.11;1;
509;3748;N;750001M;2019;2;4.521;12;6;3;2;2;4,09;3,62;3,8564;6;61.35;1;
510;3748;N;750001M;2019;2;4.864;8;4;2;#N/A;1;4,44;2,88;3,6614;6;24.87;1;
511;3748;N;750001M;2019;2;4.646;2;1;1;1;2;4,59;4,25;4,4225;6;43.85;1;
512;3751;N;750001M;2019;2;4.841;5;3;1;#N/A;2;4,05;3,48;3,7625;6;44.23;1;
513;3748;N;750001M;2019;2;2.778;5;3;1;#N/A;2;4,22;4,52;4,3686;6;48.79;1;
514;3748;R;750001M;2019;2;3.329;3;2;1;1;1;3,98;2,9;3,4416;6;59.58;1;
515;3751;N;750001M;2019;2;3.618;6;3;2;#N/A;2;4,72;3;3,8615;6;30.34;1;
516;3751;N;750001M;2019;2;4.863;6;3;2;#N/A;2;4,33;3,61;3,9684;6;47.95;1;
517;3751;N;750001M;2019;2;4.236;11;6;3;2;2;3,38;3,5;3,4392;6;59.27;1;
518;3748;R;750001M;2019;2;4.106;10;5;3;2;1;4,24;2,82;3,5303;6;23.57;1;
519;3748;N;750001M;2019;2;3.822;3;2;1;1;2;4,67;4,62;4,647;6;61.65;1;
520;3748;N;750001M;2019;2;3.664;1;1;0;1;2;4,08;4,18;4,1295;6;40.34;1;
521;3748;N;750001M;2019;2;4.639;7;4;2;#N/A;2;4,31;4,13;4,2219;6;51.15;1;
522;3751;N;750001M;2019;2;4.542;11;6;3;2;1;2,66;2,81;2,7335;6;35.8;0;
523;3748;N;750001M;2019;2;3.943;4;2;1;1;1;2,65;4,8;3,724;6;29.19;1;
524;3748;N;750001M;2019;2;4.806;7;4;2;#N/A;2;3,98;4,1;4,0419;6;62.92;1;
525;3748;N;750001M;2019;2;3.632;7;4;2;#N/A;2;4,26;4,11;4,1855;6;61.79;1;
526;3748;N;750001M;2019;2;4.045;6;3;2;#N/A;2;4,94;4,3;4,6183;6;62.79;1;
527;3748;N;750001M;2019;2;2.894;1;1;0;1;2;3,7;3,62;3,6611;6;39.22;1;
528;3751;N;750001M;2019;2;2.737;4;2;1;1;2;3,51;3,43;3,4691;6;50.2;1;
529;3748;N;750001M;2019;2;4.083;5;3;1;#N/A;1;4,97;2,94;3,9571;6;41.23;1;
530;3748;N;750001M;2019;2;3.097;9;5;2;2;2;3,28;4,34;3,8116;6;52.52;1;
531;3748;N;750001M;2019;2;4.427;3;2;1;1;2;4,35;3,83;4,0922;6;56.21;1;
532;3748;N;750001M;2019;2;4.512;6;3;2;#N/A;2;3,49;3,63;3,5575;6;59.08;1;
533;3751;N;750001M;2019;2;4.546;9;5;2;2;1;2,71;2,8;2,7545;6;40.14;0;
534;3751;N;750001M;2019;2;3.058;8;4;2;#N/A;1;2,91;3,08;2,9938;6;57.86;0;
535;3748;N;750001M;2019;2;4.642;11;6;3;2;2;3,14;3,11;3,1242;6;34.34;1;
536;3748;N;750001M;2019;2;3.987;8;4;2;#N/A;2;4,91;3,19;4,0483;6;46.87;1;
537;3748;N;750001M;2019;2;3.291;6;3;2;#N/A;1;2,98;3,58;3,2782;6;60.56;1;
538;3748;N;750001M;2019;2;4.666;3;2;1;1;2;3,47;3,09;3,2777;6;53.87;1;
539;3748;N;750001M;2019;2;3.906;4;2;1;1;1;2,96;2,81;2,8833;6;31.57;0;
540;3748;N;750001M;2019;2;3.708;3;2;1;1;2;3,49;4,55;4,0187;6;62.7;1;
541;3748;N;750001M;2019;2;3.489;5;3;1;#N/A;2;4,22;3,61;3,9155;6;63.48;1;
542;3751;N;750001M;2019;2;3.633;3;2;1;1;2;3,95;3;3,4766;6;66.2;1;
543;3748;N;750001M;2019;2;3.589;10;5;3;2;2;3,83;4,36;4,0954;6;66.71;1;
544;3748;N;750001M;2019;2;3.161;4;2;1;1;2;3,64;3,55;3,5958;6;53.99;1;
545;3748;N;750001M;2019;2;4.075;8;4;2;#N/A;1;4,42;2,83;3,6272;6;62.12;1;
546;3748;N;750001M;2019;2;4.551;1;1;0;1;2;3,61;3,7;3,654;6;42.66;1;
547;3751;N;750001M;2019;2;4.542;6;3;2;#N/A;1;3;3,69;3,3446;6;62.02;1;
548;3751;N;750001M;2019;2;2.714;4;2;1;1;1;2,76;4,37;3,5662;6;65.02;1;
549;3748;N;750001M;2019;2;3.071;7;4;2;#N/A;2;4,65;4,63;4,6387;6;33.35;1;
550;3748;N;750001M;2019;2;3.074;4;2;1;1;2;4,83;3,93;4,3792;6;32.23;1;
551;3748;N;750001M;2019;2;2.975;2;1;1;1;2;4,94;3,86;4,3999;6;25.33;1;
552;3751;N;750001M;2019;2;3.51;9;5;2;2;2;4,21;3,44;3,8227;6;29.16;1;
553;3748;N;750001M;2019;2;3.424;10;5;3;2;1;2,56;3,24;2,9016;6;41.03;0;
554;3748;N;750001M;2019;2;4.965;4;2;1;1;1;2,7;2,95;2,8232;6;36.77;0;
555;3751;N;750001M;2019;2;2.927;9;5;2;2;2;4,92;3,64;4,2811;6;44.1;1;
556;3751;N;750001M;2019;2;3.937;10;5;3;2;1;2,75;4,77;3,7613;6;60.25;1;
557;3751;N;750001M;2019;2;3.886;10;5;3;2;2;3,81;3,71;3,7594;6;25.89;1;
558;3748;N;750001M;2019;2;4.307;12;6;3;2;2;4,11;4,16;4,1334;6;52.94;1;
559;3748;N;750001M;2019;2;2.837;12;6;3;2;1;2,62;3,43;3,026;6;42.63;1;
560;3748;N;750001M;2019;2;3.146;10;5;3;2;1;4,66;2,98;3,8192;6;29.31;1;
561;3751;N;750001M;2019;2;2.794;12;6;3;2;2;3,17;3,11;3,1387;6;52.05;1;
562;3748;N;750001M;2019;2;3.805;9;5;2;2;1;2,55;2,86;2,7059;6;27.58;0;
563;3748;N;750001M;2019;2;3.037;4;2;1;1;2;3,22;4,75;3,9844;6;61.03;1;
564;3748;N;750001M;2019;2;4.97;10;5;3;2;2;4,56;3,25;3,9033;6;61.63;1;
565;3748;N;750001M;2019;2;4.073;6;3;2;#N/A;2;3,44;3,5;3,4679;6;38.37;1;
566;3748;N;750001M;2019;2;2.752;3;2;1;1;2;4,53;3,29;3,9103;6;22.42;1;
567;3748;N;750001M;2019;2;4.745;6;3;2;#N/A;2;4,23;4,15;4,1904;6;39.52;1;
568;3748;N;750001M;2019;2;3.45;2;1;1;1;2;3,67;4,6;4,1371;6;54.74;1;
569;3751;N;750001M;2019;2;4.586;7;4;2;#N/A;2;4,74;4,32;4,5285;6;22.16;1;
570;3748;N;750001M;2019;2;4.748;7;4;2;#N/A;1;2,79;3,51;3,1484;6;49.84;1;
571;3748;N;750001M;2019;2;4.976;6;3;2;#N/A;2;4,12;3,19;3,6527;6;25.64;1;
572;3748;N;750001M;2019;2;4.96;7;4;2;#N/A;2;4,78;3,59;4,1836;6;60.62;1;
573;3748;N;750001M;2019;2;2.736;2;1;1;1;2;4,87;4,75;4,809;6;52.15;1;
574;3751;N;750001M;2019;2;3.984;10;5;3;2;2;3,72;4,88;4,2987;6;48.88;1;
575;3751;N;750001M;2019;2;3.696;1;1;0;1;2;4,05;4,15;4,1022;6;48.84;1;
576;3748;N;750001M;2019;2;3.464;11;6;3;2;2;3,66;3,08;3,3679;6;37.14;1;
577;3748;N;750001M;2019;2;3.396;2;1;1;1;1;2,67;4,13;3,4001;6;34.24;1;
578;3748;N;750001M;2019;2;4.079;7;4;2;#N/A;2;3,33;4,25;3,7894;6;36.86;1;
579;3751;N;750001M;2019;2;3.435;10;5;3;2;1;2,51;4,47;3,4881;6;53.76;1;
580;3748;N;750001M;2019;2;4.286;2;1;1;1;2;4,9;3,8;4,3485;6;40.52;1;
581;3748;N;750001M;2019;2;4.75;3;2;1;1;2;4,47;3,55;4,0087;6;26.97;1;
582;3751;N;750001M;2019;2;4.931;1;1;0;1;2;4,02;3,22;3,6199;6;58.49;1;
583;3751;N;750001M;2019;2;4.533;9;5;2;2;2;4,97;4,81;4,8897;6;27.6;1;
584;3751;N;750001M;2019;2;3.742;6;3;2;#N/A;2;3,7;4,31;4,0066;6;46.78;1;
585;3748;N;750001M;2019;2;3.442;4;2;1;1;2;3,4;3,82;3,611;6;57.73;1;
586;3748;N;750001M;2019;2;4.932;9;5;2;2;2;4,77;3,29;4,0286;6;54.94;1;
587;3748;N;750001M;2019;2;3.627;4;2;1;1;2;4,76;3,1;3,9322;6;31.51;1;
588;3748;N;750001M;2019;2;3.961;4;2;1;1;1;2,67;4,89;3,7778;6;61.38;1;
589;3751;N;750001M;2019;2;3.615;12;6;3;2;2;3,4;4,89;4,146;6;52.62;1;
590;3748;N;750001M;2019;2;4.624;1;1;0;1;2;3,56;4,85;4,2056;6;39.86;1;
591;3748;N;750001M;2019;2;4.654;10;5;3;2;1;2,73;3,17;2,9523;6;28.45;0;
592;3748;N;750001M;2019;2;3.217;12;6;3;2;2;3,87;3,49;3,6805;6;37.4;1;
593;3748;N;750001M;2019;2;3.36;7;4;2;#N/A;2;3,87;4,27;4,0684;6;27.31;1;
594;3748;N;750001M;2019;2;4.514;7;4;2;#N/A;2;4,28;4,16;4,2191;6;28.94;1;
595;3748;N;750001M;2019;2;3.068;3;2;1;1;2;4,98;3,07;4,0246;6;57.11;1;
596;3748;N;750001M;2019;2;3.074;10;5;3;2;2;3,91;4,66;4,2863;6;67.01;1;
597;3748;N;750001M;2019;2;3.066;10;5;3;2;1;2,61;4,58;3,5933;6;25.68;1;
598;3748;N;750001M;2019;2;3.767;11;6;3;2;2;3,53;3,83;3,6812;6;46.52;1;
599;3748;N;750001M;2019;2;3.112;7;4;2;#N/A;2;3,69;4,9;4,2957;6;61.74;1;
600;3751;R;750001M;2019;2;4.916;5;3;1;#N/A;1;3,51;2,99;3,2506;6;23.75;1;
601;3748;N;750001M;2019;2;3.306;1;1;0;1;1;2,6;3,62;3,1105;6;64.87;1;
602;3748;N;750001M;2019;2;4.56;11;6;3;2;1;2,78;3,97;3,3733;6;21.22;1;
603;3748;N;750001M;2019;2;2.876;12;6;3;2;2;3,86;3,75;3,8072;6;38.57;1;
604;3748;N;750001M;2019;2;3.672;4;2;1;1;1;2,83;4,13;3,4782;6;63.67;1;
605;3751;N;750001M;2019;2;3.693;6;3;2;#N/A;2;3,9;4,22;4,0597;7;28.98;1;
606;3751;N;750001M;2019;2;4.801;6;3;2;#N/A;1;3,1;2,9;2,999;7;50.97;0;
607;3748;N;750001M;2019;2;4.153;12;6;3;2;1;2,87;4,25;3,5597;7;58.08;1;
608;3748;N;750001M;2019;2;4.806;11;6;3;2;2;4,2;3,73;3,9629;7;22.67;1;
609;3748;N;750001M;2019;2;3.446;3;2;1;1;1;2,66;4,29;3,4735;7;20.99;1;
610;3751;N;750001M;2019;2;2.876;5;3;1;#N/A;2;3,23;3,93;3,5804;7;47.84;1;
611;3748;N;750001M;2019;2;4.35;9;5;2;2;2;3,71;3,66;3,6856;7;58.58;1;
612;3748;N;750001M;2019;2;3.422;12;6;3;2;1;2,96;4,12;3,5379;7;56.1;1;
613;3748;N;750001M;2019;2;3.939;2;1;1;1;2;4,56;4,4;4,4802;7;52.1;1;
614;3748;N;750001M;2019;2;3.81;10;5;3;2;2;3,72;3,85;3,787;7;33.93;1;
615;3748;N;750001M;2019;2;3.472;3;2;1;1;2;3,6;4,15;3,8734;7;22.94;1;
616;3748;N;750001M;2019;2;2.886;4;2;1;1;2;4,24;3,05;3,6451;7;42.03;1;
617;3748;N;750001M;2019;2;2.868;1;1;0;1;1;2,7;3,19;2,9464;7;31.81;0;
618;3751;N;750001M;2019;2;3.434;3;2;1;1;2;3,36;3,32;3,3416;7;48.78;1;
619;3748;N;750001M;2019;2;3.576;9;5;2;2;1;2,79;4,1;3,4451;7;56.89;1;
620;3748;N;750001M;2019;2;3.035;12;6;3;2;1;2,97;4,88;3,9235;7;34.14;1;
621;3748;N;750001M;2019;2;2.787;5;3;1;#N/A;2;3,28;3,18;3,229;7;42.71;1;
622;3748;N;750001M;2019;2;44.320;12;6;3;2;2;4,29;4,58;4,4331;7;51.1;1;
623;3751;N;750001M;2019;2;4.592;2;1;1;1;2;3,23;4,87;4,0493;7;35.61;1;
624;3751;N;750001M;2019;2;2.817;8;4;2;#N/A;2;3,85;4,34;4,0963;7;55.64;1;
625;3748;N;750001M;2019;2;3.19;1;1;0;1;1;4,2;2,9;3,5486;7;36.81;1;
626;3748;N;750001M;2019;2;3.043;3;2;1;1;1;3,19;2,9;3,0474;7;43.09;1;
627;3748;N;750001M;2019;2;3.122;7;4;2;#N/A;2;3,75;3,17;3,4617;7;61.66;1;
628;3751;N;750001M;2019;2;2.937;8;4;2;#N/A;1;2,54;3,67;3,1034;7;39.7;1;
629;3748;N;750001M;2019;2;3.486;11;6;3;2;2;3,19;3,08;3,1364;7;56.04;1;
630;3748;N;750001M;2019;2;4.691;5;3;1;#N/A;2;4,12;3,53;3,8268;7;42.62;1;
631;3751;N;750001M;2019;2;2.92;9;5;2;2;2;3,49;3,58;3,5345;7;57.02;1;
632;3751;N;750001M;2019;2;44.533;12;6;3;2;2;4,36;3,92;4,1407;7;31.35;1;
633;3751;N;750001M;2019;2;3.639;10;5;3;2;2;4,5;3,3;3,9013;7;37.38;1;
634;3748;N;750001M;2019;2;2.953;1;1;0;1;2;4,7;4,88;4,7882;7;67.28;1;
635;3748;N;750001M;2019;2;2.976;5;3;1;#N/A;2;3,02;4,62;3,8181;7;34.42;1;
636;3748;N;750001M;2019;2;4.24;4;2;1;1;2;4,33;3,31;3,8206;7;51.08;1;
637;3751;N;750001M;2019;2;4.539;6;3;2;#N/A;2;3,67;4,88;4,2737;7;61.72;1;
638;3748;N;750001M;2019;2;2.943;7;4;2;#N/A;2;4,17;3,6;3,8848;7;60.25;1;
639;3748;N;750001M;2019;2;4.434;6;3;2;#N/A;2;3,29;4,43;3,859;7;31.26;1;
640;3748;N;750001M;2019;2;4.546;7;4;2;#N/A;2;4,35;4,51;4,4279;7;56.27;1;
641;3748;N;750001M;2019;2;3.307;11;6;3;2;2;4,99;3,95;4,4691;7;28.15;1;
642;3748;N;750001M;2019;2;3.867;3;2;1;1;1;4,77;2,94;3,8559;7;38.27;1;
643;3748;N;750001M;2019;2;3.601;8;4;2;#N/A;2;4,09;4,52;4,3025;7;67.74;1;
644;3748;N;750001M;2019;2;2.852;4;2;1;1;1;2,99;3,24;3,1161;7;58.66;1;
645;3751;N;750001M;2019;2;3.731;3;2;1;1;2;4,21;3,65;3,9302;7;36.71;1;
646;3748;N;750001M;2019;2;2.718;7;4;2;#N/A;2;3,06;4,51;3,7864;7;53.04;1;
647;3748;N;750001M;2019;2;3.904;2;1;1;1;2;3,16;3,2;3,1812;7;23.22;1;
648;3748;R;750001M;2019;2;3.663;8;4;2;#N/A;2;4,38;3,27;3,827;7;40.33;1;
649;3748;N;750001M;2019;2;2.755;11;6;3;2;1;3,45;2,81;3,1284;7;22.62;1;
650;3751;N;750001M;2019;2;4.525;6;3;2;#N/A;2;4,6;4,38;4,4892;7;31.56;1;
651;3751;N;750001M;2019;2;3.716;9;5;2;2;2;3,76;3,51;3,6363;7;48.52;1;
652;3748;N;750001M;2019;2;3.339;8;4;2;#N/A;2;4,1;3,49;3,7958;7;67.96;1;
653;3748;N;750001M;2019;2;4.719;12;6;3;2;2;4;4,85;4,4242;7;63.16;1;
654;3748;N;750001M;2019;2;3.991;5;3;1;#N/A;2;3,08;3,47;3,2775;7;35.11;1;
655;3751;N;750001M;2019;2;4.934;2;1;1;1;2;3,92;3,95;3,936;7;21.39;1;
656;3748;N;750001M;2019;2;4.683;12;6;3;2;2;4,68;3,04;3,8613;7;24.07;1;
657;3748;N;750001M;2019;2;3.845;12;6;3;2;1;2,58;3,32;2,9484;7;60.23;0;